{"cameraMode":{"drawMode":0,"name":"Shaded","section":"Shading Mode"},"sceneLighting":true,"audioPlay":false,"sceneViewState":{"showFog":true,"showMaterialUpdate":false,"showSkybox":true,"showFlares":true,"showImageEffects":true,"showParticleSystems":true},"in2DMode":false,"pivot":{"x":11.880685806274414,"y":-4.226473331451416,"z":4.098028182983398},"rotation":{"x":0.29408371448516848,"y":0.004300932865589857,"z":-0.0013234212528914214,"w":0.9557697772979736},"size":6.249403953552246,"orthographic":false}